record_id,开支描述,日期,分类,金额,收支,流水,月份,备注,原始记录,资金流水
recySpzjPN,发红包,1767196800000,其他支出,¥226.00,支出,,1 月,,,-226
recOlAanPZ,房贷（爸妈）,1767196800000,房贷,"¥8,000.00",支出,,1 月,,,-8000
recB3dwoh7,房贷,1767196800000,房贷,"¥7,000.00",支出,,1 月,,,-7000
recKKFD7YX,日料,1767196800000,吃喝餐费,¥135.00,支出,,1 月,,,-135
recouuXPy9,打车,1767196800000,交通费,¥9.00,支出,,1 月,,,-9
recT9af5R9,贝克基,1767196800000,吃喝餐费,¥8.00,支出,,1 月,,,-8
recYTf5OTP,钵钵鸡,1767196800000,吃喝餐费,¥85.00,支出,,1 月,,,-85
rec7wMPc8W,打车和饮料,1767196800000,吃喝餐费,¥20.00,支出,,1 月,,,-20
recYbxlnaX,老公还信用卡,1767196800000,其他支出,"¥4,000.00",支出,,1 月,,,-4000
recgpxRi6f,剪映会员,1767196800000,休闲娱乐,¥25.00,支出,,1 月,,,-25
recTtI7FgT,卤鹅,1767283200000,吃喝餐费,¥300.00,支出,,1 月,,,-300
recZWW6BeD,奶粉,1767283200000,养娃,¥323.00,支出,,1 月,,,-323
rectuXz7NP,电影票,1767283200000,休闲娱乐,¥56.00,支出,,1 月,,,-56
rechQ98jf5,烧烤,1767283200000,吃喝餐费,¥140.00,支出,,1 月,,,-140
rec3NBhObe,打车,1767283200000,交通费,¥13.00,支出,,1 月,,,-13
recFcXXIP9,话费,1767369600000,生活缴费,¥50.00,支出,,1 月,,,-50
recTl7tpXJ,买水,1767369600000,吃喝餐费,¥8.00,支出,,1 月,,,-8
rechY0UK5G,爸爸看眼睛,1767369600000,医疗,¥32.00,支出,,1 月,,,-32
recz4DNK2a,世喜奶瓶,1767369600000,养娃,¥150.00,支出,,1 月,,,-150
recS2XlZXi,买菜,1767369600000,吃喝餐费,¥54.00,支出,,1 月,,,-54
recdF2V757,内裤,1767369600000,线上购物,¥69.00,支出,,1 月,,,-69
recrhW46bI,通勤,1767456000000,交通费,¥23.00,支出,,1 月,,,-23
recZ1eBDGg,累计工会福利,1767456000000,其他收入,"¥5,100.00",收入,,1 月,,,5100
reci8BOtUL,蛋糕,1767456000000,吃喝餐费,¥18.00,支出,,1 月,,,-18
recxs8fpzR,隐形眼镜,1767456000000,线上购物,¥112.00,支出,,1 月,,,-112
recKhP0BUx,车贷,1767456000000,车贷,"¥4,658.00",支出,,1 月,,,-4658
reccxmZWHh,妈妈带诺诺,1767456000000,养娃,"¥3,500.00",支出,,1 月,,,-3500
recjPfm7zw,通勤,1767456000000,交通费,¥6.00,支出,,1 月,,,-6
recQQIaEQM,打车,1767456000000,交通费,¥17.00,支出,,1 月,,,-17
recgyej9e6,吃饭+打车,1767456000000,吃喝餐费,¥155.00,支出,,1 月,,,-155
recKJzC0dK,买菜,1767456000000,吃喝餐费,¥27.00,支出,,1 月,,,-27
reczxzXGUF,光腿神器,1767456000000,线上购物,¥28.00,支出,,1 月,,,-28
rechF0vbrm,话费,1767456000000,生活缴费,¥115.00,支出,,1 月,,,-115
recbbg2dHg,通勤,1767542400000,交通费,¥5.00,支出,,1 月,,,-5
recKhqOox3,玩具,1767542400000,养娃,¥13.00,支出,,1 月,,,-13
recV35mNJn,内裤,1767542400000,线上购物,¥18.00,支出,,1 月,,,-18
recZndTy7Z,买菜,1767542400000,吃喝餐费,¥117.00,支出,,1 月,,,-117
recgWfEhec,通勤,1767628800000,交通费,¥25.00,支出,,1 月,,,-25
recCbg8VfH,阿姨工资,1767628800000,生活缴费,"¥2,400.00",支出,,1 月,,,-2400
rec9bHQMKf,车厘子,1767628800000,吃喝餐费,¥159.00,支出,,1 月,,,-159
recULYb4pC,打车,1767628800000,交通费,¥36.00,支出,,1 月,,,-36
recuMGfkrk,买奶茶,1767628800000,吃喝餐费,¥46.00,支出,,1 月,,,-46
recs9dRdoV,通勤,1767628800000,交通费,¥6.00,支出,,1 月,,,-6
recgGuR7bz,请吃饭,1767628800000,吃喝餐费,¥410.00,支出,,1 月,,,-410
recqrV6Y56,买菜,1767628800000,吃喝餐费,¥32.00,支出,,1 月,,,-32
recP86k0qX,买菜,1767715200000,吃喝餐费,¥32.00,支出,,1 月,,,-32
recSAyElYe,通勤,1767715200000,交通费,¥26.00,支出,,1 月,,,-26
recM8GZpTg,安睡裤,1767715200000,线上购物,¥18.00,支出,,1 月,,,-18
recmo3aHab,火锅,1767715200000,吃喝餐费,¥341.00,支出,,1 月,,,-341
rec1YgTBcQ,通勤,1767801600000,交通费,¥25.00,支出,,1 月,,,-25
rec41VkmZ4,峨眉山一晚两间,1767801600000,旅游,¥562.00,支出,,1 月,,,-562
rec7858T9K,88vip,1767801600000,休闲娱乐,¥88.00,支出,,1 月,,,-88
recyiZJ0N4,小吃夜抄手 蛋糕 油炸土豆 串串,1767801600000,旅游,¥55.00,支出,,1 月,,,-55
recPxLKVT0,美团,1767801600000,线上购物,¥27.00,支出,,1 月,,,-27
recH1nwVaJ,打车,1767801600000,交通费,¥37.00,支出,,1 月,,,-37
recob8baRx,麦当劳,1767801600000,休闲娱乐,¥100.00,支出,,1 月,,,-100
recyoBfYyj,峨眉过路费,1767801600000,交通费,¥66.00,支出,,1 月,,,-66
reciH7oa8S,转换器,1767801600000,线上购物,¥27.00,支出,,1 月,,,-27
recvzYa6JN,美团,1767888000000,线上购物,¥28.50,支出,,1 月,,,-28.5
recIlgjhkF,打车,1767888000000,旅游,¥7.00,支出,,1 月,,,-7
recNem6NzP,晚饭,1767888000000,吃喝餐费,¥546.00,支出,,1 月,,,-546
rec61R3tZz,酒店两间一晚,1767888000000,旅游,¥610.00,支出,,1 月,,,-610
recriION0P,温泉票,1767974400000,休闲娱乐,¥460.00,支出,,1 月,,,-460
recBftGAKS,油炸串串,1767974400000,旅游,¥85.00,支出,,1 月,,,-85
recaCTnhf2,旅游,1767974400000,旅游,¥113.00,支出,,1 月,,,-113
recSkyJALL,米面,1768060800000,养娃,¥35.00,支出,,1 月,,,-35
recVWqumXC,看病，食物中毒,1768060800000,医疗,¥150.00,支出,,1 月,,,-150
rectfBMKUN,尿不湿和玉米,1768060800000,养娃,¥280.00,支出,,1 月,,,-280
recnwTYPo4,买菜,1768147200000,吃喝餐费,¥31.00,支出,,1 月,,,-31
recfLGdKZ8,通勤,1768147200000,交通费,¥24.00,支出,,1 月,,,-24
recF3EmRVL,通勤,1768147200000,交通费,¥5.00,支出,,1 月,,,-5
recERVvB6m,粘毛器,1768147200000,线上购物,¥27.00,支出,,1 月,,,-27
rec1iPGcxJ,婴儿车空气净化,1768233600000,养娃,¥340.00,支出,,1 月,,,-340
recsAPpxNW,通勤,1768233600000,交通费,¥30.00,支出,,1 月,,,-30
rec3COYd1Z,零食,1768233600000,吃喝餐费,¥6.00,支出,,1 月,,,-6
rechaa8l2D,打车,1768233600000,交通费,¥70.00,支出,,1 月,,,-70
recEY3LF2E,买菜,1768320000000,吃喝餐费,¥60.00,支出,,1 月,,,-60
recQtgepZI,天猫卡消费,1768320000000,线上购物,¥138.00,支出,,1 月,,,-138
reciCQXDzJ,戒指耳环,1768320000000,线上购物,¥165.00,支出,,1 月,,,-165
recbFEfGD0,通勤,1768320000000,交通费,¥23.00,支出,,1 月,,,-23
recA75fFQR,打车,1768320000000,交通费,¥22.00,支出,,1 月,,,-22
reccN7MJGv,单车卡,1768320000000,交通费,¥10.70,支出,,1 月,,,-10.7
recSpoZ8T9,腾讯会员,1768406400000,休闲娱乐,¥6.00,支出,,1 月,,,-6
recYRmjXNX,通勤,1768406400000,交通费,¥24.00,支出,,1 月,,,-24
rectKxzjua,买菜,1768406400000,吃喝餐费,¥121.00,支出,,1 月,,,-121
recW0DYQAW,通勤,1768406400000,交通费,¥5.00,支出,,1 月,,,-5
recB0dTeF0,打车看铺子,1768406400000,交通费,¥40.00,支出,,1 月,,,-40
recsC1jo8h,买菜,1768406400000,吃喝餐费,¥120.00,支出,,1 月,,,-120
recLTiodxz,通勤,1768492800000,交通费,¥19.00,支出,,1 月,,,-19
reccNq9xPh,吃饭,1768492800000,吃喝餐费,¥74.00,支出,,1 月,,,-74
rec6z2Nu7o,通勤,1768492800000,交通费,¥5.00,支出,,1 月,,,-5
recsfF7C30,挂号,1768492800000,医疗,¥18.00,支出,,1 月,,,-18
recG8dpndk,车厘子,1768579200000,吃喝餐费,¥138.00,支出,,1 月,,,-138
recDG1IuMr,吃饭,1768579200000,吃喝餐费,¥16.00,支出,,1 月,,,-16
recYE6szh6,买菜,1768579200000,吃喝餐费,¥22.00,支出,,1 月,,,-22
recdn6ZQjY,八棵树,1768579200000,吃喝餐费,¥198.00,支出,,1 月,,,-198
recPCkt0le,下午茶及椰汁,1768579200000,吃喝餐费,¥120.00,支出,,1 月,,,-120
recasHPuiZ,停车,1768665600000,交通费,¥20.00,支出,,1 月,,,-20
recLzdSMOz,话费,1768665600000,生活缴费,¥50.00,支出,,1 月,,,-50
recWJ4YNZE,打车,1768665600000,交通费,¥15.00,支出,,1 月,,,-15
recTc38LdK,晚饭,1768665600000,吃喝餐费,¥552.00,支出,,1 月,,,-552
recPyJ84Hq,打车加代驾,1768665600000,交通费,¥76.00,支出,,1 月,,,-76
recMJq7pqI,打车,1768665600000,交通费,¥46.00,支出,,1 月,,,-46
reczn9pHLc,午饭+晚饭,1768752000000,吃喝餐费,¥123.00,支出,,1 月,,,-123
reczB8Usjk,通勤,1768752000000,交通费,¥13.00,支出,,1 月,,,-13
rec4mxZSJ4,山姆,1768752000000,吃喝餐费,¥291.00,支出,,1 月,,,-291
recqvFSy5i,洗头,1768752000000,休闲娱乐,¥25.00,支出,,1 月,,,-25
recbYm6wm3,高铁,1768752000000,交通费,¥62.00,支出,,1 月,,,-62
recz6pOxOX,通勤,1768752000000,交通费,¥5.00,支出,,1 月,,,-5
receJZVnnj,通勤,1768838400000,交通费,¥25.00,支出,,1 月,,,-25
recK9Llw8D,午饭,1768838400000,吃喝餐费,¥125.00,支出,,1 月,,,-125
recOfXVA5q,手帐,1768838400000,休闲娱乐,¥23.00,支出,,1 月,,,-23
rec56oVdjy,猫玩具,1768838400000,宠物,¥8.00,支出,,1 月,,,-8
recUYhyRnl,打车,1768838400000,交通费,¥9.00,支出,,1 月,,,-9
recl5w0BHV,木粒,1768924800000,宠物,¥35.00,支出,,1 月,,,-35
recnLoVAUw,通勤,1768924800000,交通费,¥29.00,支出,,1 月,,,-29
recxRZK3Le,午饭,1768924800000,吃喝餐费,¥90.00,支出,,1 月,,,-90
reckkXwEYe,车厘子和藕,1768924800000,吃喝餐费,¥147.00,支出,,1 月,,,-147
recujG8f66,通勤,1768924800000,交通费,¥15.00,支出,,1 月,,,-15
recrHvdKsK,晚饭,1768924800000,吃喝餐费,¥150.00,支出,,1 月,,,-150
rec9GAoHAj,买菜,1769011200000,吃喝餐费,¥134.00,支出,,1 月,,,-134
reciFH6V9h,早餐,1769011200000,吃喝餐费,¥6.00,支出,,1 月,,,-6
recakYlOw7,通勤,1769011200000,交通费,¥24.00,支出,,1 月,,,-24
recPovCau0,电费,1769011200000,生活缴费,¥300.00,支出,,1 月,,,-300
reccnkhC78,诺诺育儿补贴,1769011200000,其他收入,"¥3,600.00",收入,,1 月,,,3600
recDGU0EPQ,通勤,1769011200000,交通费,¥5.00,支出,,1 月,,,-5
reccndzo7R,足疗,1769011200000,休闲娱乐,¥110.00,支出,,1 月,,,-110
reczCUAaB0,打车,1769011200000,交通费,¥22.00,支出,,1 月,,,-22
recCprX0KO,猫粮冻干,1769097600000,宠物,¥550.00,支出,,1 月,,,-550
rechBrwHIk,通勤,1769097600000,交通费,¥24.00,支出,,1 月,,,-24
recnrjQEnJ,打车,1769097600000,交通费,¥24.00,支出,,1 月,,,-24
rec4dNtx1r,党费,1769097600000,其他支出,¥10.00,支出,,1 月,,,-10
recNyLbzt3,腊梅,1769097600000,休闲娱乐,¥25.00,支出,,1 月,,,-25
recykQsP0f,打车,1769097600000,交通费,¥14.00,支出,,1 月,,,-14
recjN8gmn6,按摩,1769184000000,休闲娱乐,¥10.00,支出,,1 月,,,-10
reclusM8HU,打车,1769184000000,交通费,¥80.00,支出,,1 月,,,-80
rectQzGEhb,买菜,1769270400000,吃喝餐费,¥30.00,支出,,1 月,,,-30
recv1vGj2P,通勤,1769356800000,交通费,¥25.00,支出,,1 月,,,-25
rec9dZfRZ3,打车,1769356800000,交通费,¥30.00,支出,,1 月,,,-30
recr52o44e,通勤,1769356800000,交通费,¥5.00,支出,,1 月,,,-5
rec6Q8P2eD,通勤,1769443200000,交通费,¥24.00,支出,,1 月,,,-24
recgBh3oOA,通勤,1769443200000,交通费,¥5.00,支出,,1 月,,,-5
reczD99mm6,通勤,1769443200000,交通费,¥5.00,支出,,1 月,,,-5
recxA5fdMv,代驾,1769443200000,交通费,¥83.00,支出,,1 月,,,-83
recnvfkdU7,买菜,1769443200000,吃喝餐费,¥41.00,支出,,1 月,,,-41
recXtg0mbV,吃饭,1769443200000,吃喝餐费,¥75.00,支出,,1 月,,,-75
recenucbvy,克俭结婚,1769529600000,人情往来,"¥1,500.00",支出,,1 月,,,-1500
recN3yKJIs,买帽子3,1769529600000,线上购物,¥161.00,支出,,1 月,,,-161
recfXu5SfK,买衣服3,1769529600000,线上购物,¥75.00,支出,,1 月,,,-75
recAIVC4B8,梯子,1769529600000,线上购物,¥630.00,支出,,1 月,,,-630
recnK25FF0,染发2,1769529600000,休闲娱乐,¥600.00,支出,,1 月,,,-600
recA7PYem6,吃饭,1769529600000,吃喝餐费,¥119.00,支出,,1 月,,,-119
recdpF5W48,买菜,1769529600000,吃喝餐费,¥74.00,支出,,1 月,,,-74
receoDNQb5,通勤,1769616000000,交通费,¥25.00,支出,,1 月,,,-25
recX1MsVmC,买菜,1769616000000,吃喝餐费,¥97.00,支出,,1 月,,,-97
rec9yg4gXd,通勤,1769702400000,交通费,¥5.00,支出,,1 月,,,-5
rec2fCBPC3,通勤,1769702400000,交通费,¥23.00,支出,,1 月,,,-23
recIFoIqHk,打车,1769702400000,交通费,¥20.00,支出,,1 月,,,-20
recvfHPrFR,吸鼻器,1769788800000,养娃,¥144.00,支出,,1 月,,,-144
rec8mghIKO,吸水地垫,1769788800000,线上购物,¥84.00,支出,,1 月,,,-84
reccNmiFDt,买衣服,1769788800000,线下购物,"¥1,409.00",支出,,1 月,,,-1409
rec0r1dPvO,房贷,1769875200000,房贷,"¥8,000.00",支出,,2 月,,,-8000
recV88E5Bw,房贷（）爸妈,1769875200000,房贷,"¥8,000.00",支出,,2 月,,,-8000
recyA6Yzy7,山姆购物,1769875200000,线上购物,¥392.00,支出,,2 月,,,-392
recxDczwNQ,买菜,1769875200000,吃喝餐费,¥42.00,支出,,2 月,,,-42
reczgiruCl,洗车,1769875200000,交通费,¥50.00,支出,,2 月,,,-50
rec3SakZNy,买零食,1769875200000,吃喝餐费,¥29.00,支出,,2 月,,,-29
rec3Em1IRo,晚饭,1769875200000,吃喝餐费,¥123.00,支出,,2 月,,,-123
receQDPPuO,打车,1769875200000,交通费,¥14.00,支出,,2 月,,,-14
recb1egiDT,烧烤,1769875200000,吃喝餐费,¥180.00,支出,,2 月,,,-180
recI48H3V5,通勤,1769961600000,交通费,¥25.00,支出,,2 月,,,-25
recN4PEidb,工资+绩效,1769961600000,工资奖金收入,"¥11,182.00",收入,,2 月,,,11182
recb0TMqO8,话费,1769961600000,生活缴费,¥50.00,支出,,2 月,,,-50
rec3TqbtBi,工资,1769961600000,工资奖金收入,"¥45,000.00",收入,,2 月,,,45000
recKyUWWWW,单车卡,1769961600000,交通费,¥15.00,支出,,2 月,,,-15
reckobZdCO,尿不湿,1769961600000,线上购物,¥267.00,支出,,2 月,,,-267
recnTTfRpp,通勤,1770048000000,交通费,¥24.00,支出,,2 月,,,-24
recLhQVdK9,日抛,1770048000000,线上购物,¥89.00,支出,,2 月,,,-89
recwen5Dfc,打车,1770048000000,交通费,¥50.00,支出,,2 月,,,-50
rec52Ey0Bh,打车,1770048000000,交通费,¥30.00,支出,,2 月,,,-30
reczqFWHQq,买菜,1770134400000,吃喝餐费,¥28.00,支出,,2 月,,,-28
rec1NcYaI9,通勤,1770134400000,交通费,¥24.00,支出,,2 月,,,-24
recT2ykI9e,通勤,1770134400000,交通费,¥5.00,支出,,2 月,,,-5
recrkJZibl,买菜,1770134400000,吃喝餐费,¥130.00,支出,,2 月,,,-130
rec3Bzv996,话费,1770220800000,生活缴费,¥120.00,支出,,2 月,,,-120
recEs53UpW,通勤,1770220800000,交通费,¥25.00,支出,,2 月,,,-25
recyubP8yR,零食,1770220800000,线下购物,¥65.00,支出,,2 月,,,-65
recmCkPPix,打车,1770220800000,交通费,¥50.00,支出,,2 月,,,-50
recI2QAEaA,阿姨工资,1770220800000,其他支出,"¥2,400.00",支出,,2 月,,,-2400
recWfIxMc2,打车,1770220800000,交通费,¥12.00,支出,,2 月,,,-12
reczizd7hO,银行卡办,1770220800000,生活缴费,¥15.00,支出,,2 月,,,-15
recMQ2KrMS,大衣,1770220800000,线上购物,¥177.00,支出,,2 月,,,-177
rec3CwY1zP,通勤,1770307200000,交通费,¥14.00,支出,,2 月,,,-14
recELm1Qm0,咖啡,1770307200000,吃喝餐费,¥34.00,支出,,2 月,,,-34
rec3fJrPIm,午饭,1770307200000,吃喝餐费,¥46.00,支出,,2 月,,,-46
recDVU9m8B,吃饭,1770307200000,吃喝餐费,¥24.00,支出,,2 月,,,-24
recufdIC6A,挂号,1770307200000,医疗,¥38.00,支出,,2 月,,,-38
recR3tUjQ9,打车,1770307200000,交通费,¥20.00,支出,,2 月,,,-20
recxyRLrJ2,晚饭,1770307200000,吃喝餐费,¥380.00,支出,,2 月,,,-380
recJhVEVTZ,充电,1770393600000,交通费,¥59.00,支出,,2 月,,,-59
recLb9bL58,吃饭,1770393600000,吃喝餐费,¥260.00,支出,,2 月,,,-260
recMoh1HVw,车贷,1770480000000,车贷,"¥4,655.00",支出,,2 月,,,-4655
recfZ5uNuA,打车,1770480000000,交通费,¥12.00,支出,,2 月,,,-12
recpR6wHCm,衣服,1770480000000,线上购物,¥139.00,支出,,2 月,,,-139
recnvRuBfS,胚芽米,1770480000000,养娃,¥11.00,支出,,2 月,,,-11
recNGENchS,zegna滔哥,1770480000000,人情往来,"¥4,200.00",支出,,2 月,,,-4200
rec8p9D3W5,垃圾袋,1770480000000,线上购物,¥69.00,支出,,2 月,,,-69
recoxjXXzU,早餐,1770566400000,吃喝餐费,¥5.50,支出,,2 月,,,-5.5
recgUP6haU,通勤,1770566400000,交通费,¥16.00,支出,,2 月,,,-16
recGo4OFo1,皮草,1770566400000,线上购物,¥595.00,支出,,2 月,,,-595
recGnlVBkF,妈妈带诺诺,1770566400000,养娃,"¥3,500.00",支出,,2 月,,,-3500
recO1pd4O6,通勤,1770566400000,交通费,¥14.00,支出,,2 月,,,-14
recEx1M91l,买菜,1770566400000,吃喝餐费,¥72.00,支出,,2 月,,,-72
rec3En5BG1,买药,1770566400000,医疗,¥30.00,支出,,2 月,,,-30
rectiB4a6c,阿姨回礼,1770652800000,人情往来,¥488.00,支出,,2 月,,,-488
recc28q5vu,打车,1770652800000,交通费,¥11.00,支出,,2 月,,,-11
recsiOVSP0,通勤,1770652800000,交通费,¥26.00,支出,,2 月,,,-26
recFwHNgkW,南京杨chu,1770652800000,人情往来,¥850.00,支出,,2 月,,,-850
recJZAteyt,晚饭,1770652800000,吃喝餐费,¥174.00,支出,,2 月,,,-174
recLg1GcjS,卤菜,1770652800000,吃喝餐费,¥68.00,支出,,2 月,,,-68
recq1ZGrfO,买酒,1770652800000,吃喝餐费,¥184.00,支出,,2 月,,,-184
reccMkUyg2,打车,1770652800000,交通费,¥12.00,支出,,2 月,,,-12
recGiKNqy4,买菜,1770652800000,吃喝餐费,¥86.00,支出,,2 月,,,-86
recuvJYNiI,通勤,1770739200000,交通费,¥26.00,支出,,2 月,,,-26
recUmtLg1s,打车,1770739200000,交通费,¥27.00,支出,,2 月,,,-27
recogjrS8x,工资,1770739200000,工资奖金收入,"¥5,477.00",收入,,2 月,,,5477
recocXFxRF,打疫苗,1770739200000,养娃,¥450.00,支出,,2 月,,,-450
rec1Zv9GPG,电费,1770739200000,生活缴费,¥100.00,支出,,2 月,,,-100
recfKFI7yu,烙锅,1770739200000,吃喝餐费,¥171.00,支出,,2 月,,,-171
recyqoTdzC,买酒,1770739200000,人情往来,¥208.00,支出,,2 月,,,-208
receWIqqbK,打车,1770739200000,交通费,¥40.00,支出,,2 月,,,-40
recGkewHdw,买菜,1770739200000,吃喝餐费,¥28.00,支出,,2 月,,,-28
rec3ZTIq2b,ad,1770825600000,养娃,¥99.00,支出,,2 月,,,-99
recpEAIIWx,通勤,1770825600000,交通费,¥26.00,支出,,2 月,,,-26
reciFC4C6C,取货,1770825600000,人情往来,¥14.00,支出,,2 月,,,-14
recoyAyILp,小吃,1770825600000,吃喝餐费,¥22.00,支出,,2 月,,,-22
recWXcShE1,糖水,1770825600000,吃喝餐费,¥45.00,支出,,2 月,,,-45
recSQI041U,火锅,1770825600000,吃喝餐费,¥134.00,支出,,2 月,,,-134
recdHnl5OR,圆圆寄养,1770912000000,宠物,¥295.00,支出,,2 月,,,-295
recxSqWLos,rgp眼镜+验配,1770912000000,医疗,"¥3,958.00",支出,,2 月,,,-3958
recvb7K5ffTRbG,年终奖,1770998400000,工资奖金收入,61425,收入,61425,2 月,,年终奖61425,
recC9jo2oq,蜀光会500券,1770998400000,工资奖金收入,500,收入,500,2 月,,,
recvbaYFLy9YPr,扬州旅游机票,1770998400000,旅游,1860,支出,-1860,2 月,,扬州旅游机票 1860,
recvbbXgMY9zyV,头疗,1770998400000,休闲娱乐,129,支出,-129,2 月,,头疗129元,
recvbcgpd2JzbM,给娃买奶粉,1770998400000,养娃,338,支出,-338,2 月,,给娃买奶粉 338,
recvbcxXre00Ik,给老爸买手机,1770998400000,人情往来,3699,支出,-3699,2 月,,给老爸买手机 3699,
recTEzIcAw,采耳,1770998400000,休闲娱乐,89,支出,-89,2 月,,,
recvbcP9URtosl,缴纳燃气费,1770998400000,生活缴费,250,支出,-250,2 月,,缴纳燃气费250,
recvbcPc1gfuzU,缴纳水费,1770998400000,生活缴费,400,支出,-400,2 月,,缴纳水费400,
recvbddsRA8lnI,做睫毛,1770998400000,休闲娱乐,228,支出,-228,2 月,,做睫毛228,
recYvVgCQp,打车,1770998400000,交通费,13,支出,-13,2 月,,,
reckMZXCvX,老婆生日礼物,1770998400000,线上购物,2234,支出,-2234,2 月,,,
recvbgsWdFR5V7,姑婆给诺诺红包,1771084800000,人情往来,100,收入,100,2 月,,姑婆给诺诺红包 100,
recvbgItibUaVB,雷恒哥给诺诺红包,1771084800000,人情往来,600,收入,600,2 月,,雷恒哥给诺诺红包600,
recvbgIIxQzaAK,永叔给诺诺红包,1771084800000,人情往来,100,收入,100,2 月,,永叔给诺诺红包100,
recvbgIUK6CRph,菊娘给诺诺红包,1771084800000,人情往来,100,收入,100,2 月,,菊娘给诺诺红包100,
recvbgIXtgHDA5,大娘给诺诺红包,1771084800000,人情往来,100,收入,100,2 月,,大娘给诺诺红包100,
recvbgJ5FohklU,雷师娘给诺诺红包,1771084800000,人情往来,100,收入,100,2 月,,雷师娘给诺诺红包100,
recvbgJcQaIiUE,幺婆给诺诺红包,1771084800000,人情往来,100,收入,100,2 月,,幺婆给诺诺红包100,
recvbhuuU9WDoE,给弟媳买香水礼物,1771084800000,人情往来,880,支出,-880,2 月,,给弟媳买香水礼物880,
rec9cEHp8y,爸爸手机壳,1771084800000,线上购物,46,支出,-46,2 月,,,
recvbmvZn4YWXz,老爸给诺诺红包,1771171200000,其他收入,600,收入,600,2 月,,老爸给诺诺红包，收入 600,
recvbmw2GX2kLr,老妈给诺诺红包,1771171200000,其他收入,600,收入,600,2 月,,老妈给诺诺红包，收入 600,
recvbmwbh8bnin,爷爷给诺诺红包,1771171200000,其他收入,400,收入,400,2 月,,爷爷给诺诺红包，收入 400,
recvbmwhOkRsgP,小孃给诺诺红包,1771171200000,其他收入,800,收入,800,2 月,,小孃给诺诺红包，收入 800,
recvbmwjNREcWz,豆豆给诺诺红包,1771171200000,其他收入,200,收入,200,2 月,,豆豆给诺诺红包，收入 200,
recvbnRg3Q2Kr7,豪儿给诺诺红包,1771171200000,人情往来,200,支出,-200,2 月,,豪儿给诺诺红包200,
recvbnRiplnHSD,幺婶给诺诺红包,1771171200000,人情往来,200,收入,200,2 月,,幺婶给诺诺红包200,
recvbnRkfWJlYJ,大爷给诺诺红包,1771171200000,人情往来,200,收入,200,2 月,,大爷给诺诺红包200,
recAKb4bjE,给团队发红包,1771171200000,人情往来,488,支出,-488,2 月,,,
recvboVttyRgHb,哥哥给诺诺红包,1771171200000,人情往来,200,收入,200,2 月,,哥哥给诺诺红包200,
recvboVvMmitu7,给哥哥两个女儿红包,1771171200000,人情往来,400,支出,-400,2 月,,我给哥哥两个女儿红包共400,
recvboVXB1mTRL,给大爷红包,1771171200000,人情往来,600,支出,-600,2 月,,给大爷红包600,
recvboW5vB7Qjx,给宝哥孩子红包,1771171200000,人情往来,800,支出,-800,2 月,,给宝哥孩子红包800,
recvboW6WNHwYO,宝哥给诺诺红包,1771171200000,人情往来,800,收入,800,2 月,,宝哥给诺诺红包800,
recvboWXW4DFRC,二舅给诺诺红包,1771171200000,人情往来,1200,收入,1200,2 月,,"二舅给诺诺红包1,200",
recvboXv2XxOie,雷妈给诺诺红包,1771171200000,人情往来,1200,收入,1200,2 月,,"雷妈给诺诺红包1,200",
recvboXyekOY2s,雷爸给妈妈红包,1771171200000,人情往来,1200,收入,1200,2 月,,"雷爸给妈妈红包1,200",
rec3ViNzhk,晋江,1771257600000,休闲娱乐,10,支出,-10,2 月,,,
rec0Zj48rj,机场打车,1771257600000,旅游,85,支出,-85,2 月,,,
recvbu2o9zGrY9,送机,1771257600000,旅游,216,支出,-216,2 月,,,
recvbu2wvP408F,打车,1771257600000,旅游,17,支出,-17,2 月,,,
recrmxPxPq,烤烧饼+腰花汤干拌面+大汤圆,1771257600000,旅游,37,支出,-37,2 月,,,
recfkir9c7,葫芦包挂,1771257600000,旅游,38,支出,-38,2 月,,,
recKTXQAxy,老鹅,1771257600000,旅游,51,支出,-51,2 月,,,
reckzvEhsP,买戒指,1771257600000,旅游,1060,支出,-1060,2 月,,,
reccPOufls,小吃,1771257600000,旅游,28,支出,-28,2 月,,,
recKdTF5pi,扬州第一晚民宿,1771257600000,旅游,312,支出,-312,2 月,,,
recE79GZzO,发票有奖,1771257600000,其他收入,80,收入,80,2 月,,,
recHPH6nDD,打车,1771257600000,旅游,22.5,支出,-22.5,2 月,,,
recHjYHkho,初二酒店,1771344000000,旅游,893,支出,-893,2 月,,,
recBUUekCl,7吃8吧,1771344000000,旅游,317,支出,-317,2 月,,,
recelPgNd0,住宿,1771344000000,旅游,964,支出,-964,2 月,,,
recSkCJz6J,拍照,1771344000000,旅游,125,支出,-125,2 月,,,
recuzJphwr,泳衣,1771344000000,旅游,48,支出,-48,2 月,,,
recrnKnlfz,打车,1771344000000,旅游,60,支出,-60,2 月,,,
recEgN0srZ,润眼液,1771344000000,医疗,77,支出,-77,2 月,,,
recDIyd92F,打车,1771344000000,旅游,22,支出,-22,2 月,,,
recmcb4Zwu,饺面 肴肉,1771344000000,旅游,60,支出,-60,2 月,,,
reclmC7bjT,香园茶社,1771344000000,旅游,94,支出,-94,2 月,,,
recOWTI5Wz,打车,1771344000000,旅游,27,支出,-27,2 月,,,
recB81V8bG,瘦西湖门票,1771430400000,旅游,200,支出,-200,2 月,,,
reckqh0SOa,打车,1771430400000,旅游,17,支出,-17,2 月,,,
recTCwhDlx,酸奶,1771430400000,旅游,10,支出,-10,2 月,,,
rec7pPBnKu,吃饭,1771430400000,旅游,148,支出,-148,2 月,,,
recNc1hRHw,打车,1771430400000,旅游,22.5,支出,-22.5,2 月,,,
recS0k65yK,洗面奶,1771430400000,旅游,32,支出,-32,2 月,,,
recq0EMzxt,足疗,1771430400000,旅游,244,支出,-244,2 月,,,
recnHOC2cr,个园,1771430400000,旅游,95,支出,-95,2 月,,,
recBpsLU85,打车,1771430400000,旅游,18,支出,-18,2 月,,,
recUNIopxo,扬州狮子楼吃饭,1771430400000,旅游,259,支出,-259,2 月,,,
recXw3E5rE,打车,1771430400000,旅游,45,支出,-45,2 月,,,
recMTEgkHk,车,1771516800000,旅游,36,支出,-36,2 月,,,
recWo95B0s,糖画,1771516800000,旅游,30,支出,-30,2 月,,,
recMpkzDul,买香水,1771516800000,线下购物,338,支出,-338,2 月,,,
recj9tleG1,起车,1771516800000,旅游,8,支出,-8,2 月,,,
receEjn0dH,怡园吃饭,1771516800000,旅游,303,支出,-303,2 月,,,
reczUOz5O4,打车,1771516800000,旅游,23,支出,-23,2 月,,,
recMMAP3OY,观光车,1771516800000,旅游,60,支出,-60,2 月,,,
recfFqUs8K,大运河博物馆,1771516800000,旅游,256,支出,-256,2 月,,,
recFrFyJF8,讲解器,1771516800000,旅游,60,支出,-60,2 月,,,
recIz6NaAb,打车,1771516800000,旅游,43,支出,-43,2 月,,,
recfOzvUed,吃饭,1771516800000,旅游,86,支出,-86,2 月,,,
recJsWxFRI,打车,1771603200000,旅游,34,支出,-34,2 月,,,
recynw0I3g,像素研食,1771603200000,旅游,216,支出,-216,2 月,,,
recSAr79ZP,搓澡,1771603200000,休闲娱乐,282,支出,-282,2 月,,,
recKa31QqT,打车,1771603200000,旅游,16,支出,-16,2 月,,,
recyjvo3c5,打车,1771603200000,交通费,15,支出,-15,2 月,,,
rect1f8ynq,丛光森林咖啡,1771603200000,旅游,95,支出,-95,2 月,,,
recz7ogXxF,送机,1771689600000,旅游,50,支出,-50,2 月,,,
recTNSNfOu,接机,1771689600000,旅游,140,支出,-140,2 月,,,
recqeQMkpf,买鞋,1771689600000,线上购物,341,支出,-341,2 月,,,
recxL6CfaV,奶啤,1771689600000,吃喝餐费,54,支出,-54,2 月,,,
recUvQvnIy,下午茶,1771689600000,吃喝餐费,122,支出,-122,2 月,,,
recUdpgGMv,猫砂,1771776000000,宠物,136,支出,-136,2 月,,,
recPLuBv6E,买菜,1771776000000,吃喝餐费,84,支出,-84,2 月,,,
recvc21GxCI3ty,海底捞,1771776000000,吃喝餐费,541,支出,-541,2 月,,,
recC8Gekyg,打车,1771776000000,交通费,10,支出,-10,2 月,,,
rec10o3EUh,奶粉6罐,1771776000000,养娃,2010,支出,-2010,2 月,,,
recXfFRqnb,买菜,1771776000000,吃喝餐费,62,支出,-62,2 月,,,
recc68hcSy,话费,1771776000000,生活缴费,50,支出,-50,2 月,,,
rec17jDhdE,打车,1771862400000,交通费,20,支出,-20,2 月,,,
recXt8srJO,美容卡,1771862400000,休闲娱乐,999,支出,-999,2 月,,,
reckr2oBJ5,下午茶,1771862400000,吃喝餐费,40,支出,-40,2 月,,,
recsgH6vjG,通勤,1771862400000,交通费,15,支出,-15,2 月,,,
rec8FXPMXK,买菜,1771862400000,吃喝餐费,45,支出,-45,2 月,,,
reccUz5YEC,奶粉一罐,1771862400000,养娃,350,支出,-350,2 月,,,
recix47jyU,mamamki面霜,1771948800000,养娃,362,支出,-362,2 月,,,
recLSxqc4G,身体乳,1771948800000,养娃,22,支出,-22,2 月,,,
recVfqJVsy,打车,1771948800000,交通费,20,支出,-20,2 月,,,
receOl5TXV,通勤,1771948800000,交通费,5,支出,-5,2 月,,,
recx98HIIE,买菜,1771948800000,吃喝餐费,79,支出,-79,2 月,,,
recuk9cbAB,咖啡,1772035200000,吃喝餐费,67,支出,-67,2 月,,,
recWjVfOgH,老公etc,1772035200000,交通费,100,支出,-100,2 月,,,
recNpw5oSl,酸嘢,1772035200000,吃喝餐费,26,支出,-26,2 月,,,
recdfMMeuJ,发夹,1772035200000,养娃,10,支出,-10,2 月,,,
rec1jYUxxf,圆圆寄养,1772035200000,宠物,75,支出,-75,2 月,,,
recvVgWdEu,买 菜,1772121600000,吃喝餐费,96,支出,-96,2 月,,,
recPIv8M5W,通勤,1772121600000,交通费,15,支出,-15,2 月,,,
recVShzaPT,党费,1772121600000,其他支出,10,支出,-10,2 月,,,
recM3lAPHf,圆圆草,1772121600000,宠物,85,支出,-85,2 月,,,
recEBXSC03,买菜,1772121600000,吃喝餐费,109,支出,-109,2 月,,,
recDl4NdPp,妈妈给生日红包,1772208000000,人情往来,1200,收入,1200,2 月,,,
recIzVBpcL,通勤,1772208000000,交通费,15,支出,-15,2 月,,,
recde1mRLm,看病,1772208000000,医疗,230,支出,-230,2 月,,,
recVLgmPR2,晚饭,1772208000000,吃喝餐费,431,支出,-431,2 月,,,
rec867oVda,打车,1772294400000,交通费,12,支出,-12,3 月,,,
recSLpYxDQ,午饭,1772294400000,吃喝餐费,183,支出,-183,3 月,,,
recXj5ZZAO,电影,1772294400000,休闲娱乐,90,支出,-90,3 月,,,
recO6XzuxP,杯刷和逗猫棒,1772294400000,线下购物,84,支出,-84,3 月,,,
rec5SA9Ela,杯子,1772294400000,线下购物,149,支出,-149,3 月,,,
recmlJiLWZ,爸爸给生日红包,1772294400000,人情往来,400,收入,400,3 月,,,
rectGwxRyw,牛肉,1772294400000,吃喝餐费,35,支出,-35,3 月,,,
recYLyURgB,mac mini,1772294400000,线上购物,3899,支出,-3899,3 月,,,
recI9gmsA8,打车,1772294400000,交通费,28,支出,-28,3 月,,,
recuKefU6b,买菜,1772294400000,吃喝餐费,71,支出,-71,3 月,,,
reczxXiGng,诺诺居民医保,1772380800000,养娃,448,支出,-448,3 月,,,
recaJpRPVb,房贷爸妈,1772380800000,房贷,8000,支出,-8000,3 月,,,
recH4E6jYB,社保,1772380800000,生活缴费,5000,支出,-5000,3 月,,,
recIgSx9XH,工资,1772380800000,工资奖金收入,46000,收入,46000,3 月,,,
recSKUgUB4,通勤,1772380800000,交通费,18,支出,-18,3 月,,,
rec7EDOHR0,话费,1772380800000,生活缴费,50,支出,-50,3 月,,,
recticISbJ,妈妈带诺诺,1772380800000,养娃,3500,支出,-3500,3 月,,,
recGUSxyu8,车贷,1772380800000,车贷,4658,支出,-4658,3 月,,,
recUqD5l4x,咖啡会员,1772380800000,吃喝餐费,500,支出,-500,3 月,,,
rec6k3QTpw,打车,1772380800000,交通费,33,支出,-33,3 月,,,
recHv21KAr,通勤,1772380800000,交通费,5,支出,-5,3 月,,,
recEaAa0Bk,买菜,1772380800000,吃喝餐费,57,支出,-57,3 月,,,
recgwJT2dO,抽纸,1772380800000,线上购物,89,支出,-89,3 月,,,
rec8fZELEq,通勤,1772467200000,交通费,23,支出,-23,3 月,,,
recMH5Se8d,话费,1772467200000,生活缴费,120,支出,-120,3 月,,,
rec7ZAV4cG,电费,1772467200000,生活缴费,300,支出,-300,3 月,,,
rec3dd73RH,买菜,1772467200000,吃喝餐费,92,支出,-92,3 月,,,
recHVOsmuY,诺诺看病,1772467200000,医疗,252,支出,-252,3 月,,,
rec20L4W0r,通勤,1772553600000,交通费,20,支出,-20,3 月,,,
recYYKyzaZ,买补品,1772553600000,医疗,429,支出,-429,3 月,,,
recHHjvlQW,通勤,1772553600000,交通费,22,支出,-22,3 月,,,
recYM2SnTx,奶嘴,1772553600000,养娃,36,支出,-36,3 月,,,
recgqsErA7,地板鞋,1772553600000,养娃,87,支出,-87,3 月,,,
recA4gyubV,通勤,1772640000000,交通费,22.5,支出,-22.5,3 月,,,
rec0lW85AL,黑金帮,1772640000000,养娃,42,支出,-42,3 月,,,
rectUiJ09z,火车票,1772640000000,交通费,27,支出,-27,3 月,,,
recBropsPn,通勤,1772726400000,交通费,22,支出,-22,3 月,,,
recoflFUHh,头疗充值,1772726400000,休闲娱乐,500,支出,-500,3 月,,,
rec15ESq84,火锅,1772726400000,吃喝餐费,75,支出,-75,3 月,,,
recWvB7Q1Q,通勤,1772726400000,交通费,5,支出,-5,3 月,,,
recNXec2bU,吃饭,1772726400000,吃喝餐费,36,支出,-36,3 月,,,
rec7Bqst0o,买浴巾,1772726400000,线下购物,40,支出,-40,3 月,,,
recDQSuqo0,下午茶,1772812800000,吃喝餐费,50,支出,-50,3 月,,,
recK5opw4v,头发补色,1772812800000,休闲娱乐,200,支出,-200,3 月,,,
rectOuTiKI,足疗,1772812800000,休闲娱乐,200,支出,-200,3 月,,,
recE4VAKqj,固色产品,1772812800000,线上购物,84,支出,-84,3 月,,,
recgc5ycfO,诺诺看病加医药费,1772899200000,养娃,110,支出,-110,3 月,,,
rec8qJmdNF,可心柔,1772985600000,养娃,33,支出,-33,3 月,,,
reczmA0rnR,通勤,1772985600000,交通费,26,支出,-26,3 月,,,
receWcpK2X,话费,1772985600000,生活缴费,50,支出,-50,3 月,,,
recqFX80E5,买菜,1772985600000,吃喝餐费,90,支出,-90,3 月,,,
reczw3Vqgj,通勤,1772985600000,交通费,5,支出,-5,3 月,,,
recey9z4av,早餐,1773072000000,吃喝餐费,6,支出,-6,3 月,,,
recUfXLjLg,通勤,1773072000000,交通费,21,支出,-21,3 月,,,
recRsyAKcy,电费,1773072000000,生活缴费,200,支出,-200,3 月,,,
recEjzRWtH,食物用品,1773072000000,养娃,81,支出,-81,3 月,,,
recnKxIFpJ,牛奶,1773072000000,吃喝餐费,35,支出,-35,3 月,,,
recu2pCGRZ,牛奶,1773072000000,吃喝餐费,29,支出,-29,3 月,,,
recrEU8Aln,拉拉裤,1773072000000,养娃,108,支出,-108,3 月,,,
rec2neYTIk,下午茶,1773072000000,吃喝餐费,156,支出,-156,3 月,,,
recWVJcbq6,烧烤,1773072000000,吃喝餐费,188,支出,-188,3 月,,,
recaTRz0ad,买菜,1773158400000,吃喝餐费,36,支出,-36,3 月,,,
recK6CldRw,爱尔康,1773158400000,线上购物,88.5,支出,-88.5,3 月,,,
recMk8XIXj,杂物,1773158400000,养娃,10,支出,-10,3 月,,,
rectVp7RlI,隐形眼镜,1773158400000,线上购物,25,支出,-25,3 月,,,
rece9iTso9,通勤,1773158400000,交通费,11,支出,-11,3 月,,,
receLb1XGZ,早餐,1773158400000,吃喝餐费,10,支出,-10,3 月,,,
recEm5nxkB,洗车+洗头造型,1773158400000,休闲娱乐,120,支出,-120,3 月,,,
recaHlibiD,晚饭,1773158400000,吃喝餐费,270,支出,-270,3 月,,,
recpVFruuz,郁金香,1773158400000,线上购物,25,支出,-25,3 月,,,
recJrUAO8c,洗衣液,1773158400000,线上购物,48,支出,-48,3 月,,,
recBMkwy7T,通勤,1773244800000,交通费,16,支出,-16,3 月,,,
recuMOk5Bf,午饭,1773244800000,吃喝餐费,100,支出,-100,3 月,,,
rec5sVAIIa,请下午茶,1773244800000,生娃支出,200,支出,-200,3 月,,,
recGRCwlt7,通勤,1773244800000,交通费,14,支出,-14,3 月,,,
recMqoNIwE,罩衣,1773244800000,养娃,47,支出,-47,3 月,,,
recd9xvuWw,通勤,1773331200000,交通费,7,支出,-7,3 月,,,
recZGKxJLd,吃饭,1773331200000,吃喝餐费,145,支出,-145,3 月,,,
recpacogze,通勤,1773331200000,交通费,13,支出,-13,3 月,,,
recKOw6AY9,夜宵,1773331200000,吃喝餐费,160,支出,-160,3 月,,,
rectq8sQFS,打车,1773331200000,交通费,9,支出,-9,3 月,,,
recF0dabwG,儿童餐椅,1773417600000,养娃,146,支出,-146,3 月,,,
recFDJfhs2,耙耙柑,1773417600000,吃喝餐费,15,支出,-15,3 月,,,
rec5euZmNg,冰淇淋,1773504000000,吃喝餐费,25,支出,-25,3 月,,,
rectX11bR1,收纳框,1773504000000,线上购物,15.5,支出,-15.5,3 月,,,
rec0GkZupk,买菜,1773504000000,吃喝餐费,54,支出,-54,3 月,,,
recyhNBLvX,3月工资,1773504000000,工资奖金收入,1647,收入,1647,3 月,,,
recoOwPp28,打车,1773590400000,交通费,42,支出,-42,3 月,,,
recJAXZr7e,通勤,1773590400000,交通费,15,支出,-15,3 月,,,
rec7dIYl4K,打车,1773590400000,交通费,15,支出,-15,3 月,,,
recvd8i5gu,米线,1773590400000,吃喝餐费,13,支出,-13,3 月,,,
recyAdc15h,抓夹,1773590400000,线上购物,19,支出,-19,3 月,,,
recxXNnfKB,买菜,1773676800000,吃喝餐费,38,支出,-38,3 月,,,
recYwClfNN,停车费,1773676800000,交通费,16,支出,-16,3 月,,,
recpWAPImE,通勤,1773676800000,交通费,7,支出,-7,3 月,,,
recWsN2Ln6,通勤,1773676800000,交通费,18,支出,-18,3 月,,,
rec9qk8Uqd,下午茶,1773676800000,吃喝餐费,92,支出,-92,3 月,,,
recn4eK9wg,通勤,1773676800000,交通费,7,支出,-7,3 月,,,
recec4mlfs,买菜,1773676800000,吃喝餐费,58,支出,-58,3 月,,,
recdiqNfCU,通勤,1773763200000,交通费,16,支出,-16,3 月,,,
recEULT2BX,烤肉,1773763200000,吃喝餐费,106,支出,-106,3 月,,,
recwmchwmz,戒指,1773763200000,线上购物,30,支出,-30,3 月,,,
rec7srhTfG,通勤,1773763200000,交通费,7,支出,-7,3 月,,,
rec1VVjGIg,买菜,1773763200000,吃喝餐费,99,支出,-99,3 月,,,
recWGP4Gcv,丸丫蚊帐,1773763200000,养娃,346,支出,-346,3 月,,,
recE2NCbRR,置物架,1773763200000,线上购物,166,支出,-166,3 月,,,
reclaE9gOj,婴儿遮阳帽,1773763200000,养娃,43,支出,-43,3 月,,,
rec4Ry3bg5,蓝生日礼物融蜡灯,1773763200000,人情往来,315,支出,-315,3 月,,,
recFyHfi8s,诺诺两套衣服,1773763200000,养娃,284,支出,-284,3 月,,,
recleMxgb8,眼镜框,1773763200000,线上购物,104,支出,-104,3 月,,,
recCojAP88,穿戴甲,1773763200000,线上购物,16,支出,-16,3 月,,,
reck0MPeFA,通勤,1773849600000,交通费,7,支出,-7,3 月,,,
recaIrdXEZ,发票有奖,1773849600000,其他收入,20,支出,-20,3 月,,,
recMxdshAE,rgp护理产品,1773849600000,医疗,350,支出,-350,3 月,,,
recVcHbR1x,打车,1773849600000,交通费,20,支出,-20,3 月,,,
rechQswyTR,通勤,1773849600000,交通费,7,支出,-7,3 月,,,
recMHG2knT,买菜,1773849600000,吃喝餐费,120,支出,-120,3 月,,,
rechgPGSrW,通勤,1773936000000,交通费,14,支出,-14,3 月,,,
recFc9uKNn,打车,1773936000000,交通费,70,支出,-70,3 月,,,
reczdzIkO9,晚饭,1773936000000,吃喝餐费,100,支出,-100,3 月,,,
recqwNmO0q,玫瑰切饰品,1773936000000,线上购物,115,支出,-115,3 月,,,
rec68GsipS,通勤,1774022400000,交通费,7,支出,-7,3 月,,,
rec4KH6Q5s,下午茶,1774022400000,吃喝餐费,230,支出,-230,3 月,,,
rec87ltvf4,双子烤肉,1774022400000,吃喝餐费,386,支出,-386,3 月,,,
recOav3Izi,蓝莓,1774022400000,吃喝餐费,30,支出,-30,3 月,,,
recBMTZ9gA,夜宵,1774022400000,吃喝餐费,170,支出,-170,3 月,,,
receNH6tw4,打车,1774108800000,交通费,30,支出,-30,3 月,,,
rec6lQLpI0,机票,1774108800000,旅游,2160,支出,-2160,3 月,,,
reckvQQusA,买菜,1774108800000,吃喝餐费,144,支出,-144,3 月,,,
recwi29q2j,通勤,1774195200000,交通费,13.5,支出,-13.5,3 月,,,
recveFEb050yEv,买猫粮,1774195200000,宠物,335,支出,-335,3 月,,买猫粮335,
recBx6AOSR,通勤,1774195200000,交通费,7,支出,-7,3 月,,,
recFiF2Rtl,婴儿零食,1774195200000,养娃,39,支出,-39,3 月,,,
recB3nP84i,腾讯,1774195200000,休闲娱乐,6,支出,-6,3 月,,,
rec1oqnsYl,食材,1774281600000,吃喝餐费,77,支出,-77,3 月,,,
recI7G5OpZ,通勤,1774281600000,交通费,7,支出,-7,3 月,,,
recgJW27P3,打车,1774281600000,交通费,70,支出,-70,3 月,,,
reczN2pb8k,卖菜,1774368000000,吃喝餐费,18,支出,-18,3 月,,,
rec1zkzYA5,通勤,1774368000000,交通费,7,支出,-7,3 月,,,
reciAjtYEy,通勤,1774368000000,交通费,26,支出,-26,3 月,,,
recfOk89gm,公交卡+通勤,1774368000000,交通费,25,支出,-25,3 月,,,
recob5H3s8,冰淇淋三份券,1774368000000,吃喝餐费,60,支出,-60,3 月,,,
reciwvQi14,买菜,1774368000000,吃喝餐费,54,支出,-54,3 月,,,
recVOoC8bB,通勤,1774454400000,交通费,4.6,支出,-4.6,3 月,,,
recfCzgVIt,黑金帮,1774454400000,养娃,14,支出,-14,3 月,,,
recJF3Ch1X,打车,1774454400000,交通费,10,支出,-10,3 月,,,
recu6YVzMK,打车,1774454400000,交通费,20,支出,-20,3 月,,,
recvC6DuAE,通勤,1774540800000,交通费,13,支出,-13,3 月,,,
recPt9Ou9b,党费,1774540800000,其他支出,10,支出,-10,3 月,,,
recCr59QCc,花甲米线,1774540800000,吃喝餐费,16,支出,-16,3 月,,,
recqtEEP9r,打车,1774540800000,交通费,25,支出,-25,3 月,,,
recjsVcQjY,停车费（三个月）,1774540800000,交通费,1100,支出,-1100,3 月,,,
